fecha,temp_media,temp_min,temp_max,humedad_media,lluvia_total_mm,viento_medio,viento_max,presion_media,radiacion_media,lecturas,n_estaciones,amplitud_termica,rango_temperatura,dia_lluvioso
2026-01-01,-7.8,-10.89,-4.5,55.94,0.0,2.52,6.7,993.25,24.92,48,2,6.39,Helada (<0°C),False
2026-01-02,-5.18,-7.56,-2.8,53.42,0.0,2.66,7.0,991.96,62.77,48,2,4.76,Helada (<0°C),False
2026-01-03,-3.56,-5.89,-1.0,43.1,0.02,2.42,4.2,995.54,29.04,48,2,4.89,Helada (<0°C),False
2026-01-04,-1.32,-4.28,2.4,55.31,0.0,2.76,6.0,997.22,59.12,48,2,6.68,Helada (<0°C),False
2026-01-05,3.25,1.17,6.56,69.42,0.02,2.72,8.3,987.63,59.46,48,2,5.39,Frío (0-10°C),False
2026-01-06,5.52,1.78,8.2,80.08,0.02,2.76,7.8,981.77,41.69,48,2,6.42,Frío (0-10°C),False
2026-01-07,4.93,1.56,9.9,77.27,0.0,2.58,9.4,989.73,46.77,48,2,8.34,Frío (0-10°C),False
2026-01-08,10.34,6.5,15.2,72.97,41.18,3.05,9.1,984.64,27.91,46,2,8.7,Templado (10-20°C),True
2026-01-09,7.7,3.5,16.06,74.06,0.0,2.74,11.1,989.83,37.23,43,2,12.56,Frío (0-10°C),False
2026-01-10,2.26,-1.39,4.6,75.22,4.47,2.67,6.4,993.7,29.73,46,2,5.99,Frío (0-10°C),True
2026-01-11,-1.63,-5.78,2.0,62.79,0.0,2.97,9.8,1002.24,36.99,47,2,7.78,Helada (<0°C),False
2026-01-12,2.15,-2.0,6.8,61.75,0.0,3.1,11.2,997.48,63.06,48,2,8.8,Frío (0-10°C),False
2026-01-13,4.04,2.89,5.4,65.67,0.0,3.52,8.3,991.1,3.5,6,2,2.51,Frío (0-10°C),False
2026-01-14,-4.27,-7.28,5.7,61.28,1.86,3.44,13.5,989.27,69.22,36,2,12.98,Helada (<0°C),True
2026-01-15,-5.9,-9.06,-3.2,54.96,0.0,2.67,6.5,990.7,73.27,48,2,5.86,Helada (<0°C),False
2026-01-16,-0.39,-4.78,3.9,69.08,0.36,2.52,8.6,980.16,28.08,48,2,8.68,Helada (<0°C),False
2026-01-17,-7.81,-10.28,-1.7,55.67,0.0,2.81,9.4,991.64,63.63,47,2,8.58,Helada (<0°C),False
2026-01-18,-9.0,-12.67,-5.7,64.23,0.1,2.79,9.1,992.68,69.25,48,2,6.97,Helada (<0°C),False
2026-01-19,-13.03,-17.17,-5.9,59.5,0.1,2.62,7.5,997.72,75.12,48,2,11.27,Helada (<0°C),False
2026-01-20,-9.38,-14.67,-2.8,53.22,0.0,2.41,6.0,1003.43,70.54,46,2,11.87,Helada (<0°C),False
2026-01-21,-1.59,-5.17,0.7,64.1,0.09,2.42,5.9,991.69,59.56,48,2,5.87,Helada (<0°C),False
2026-01-22,-6.41,-12.06,-1.0,47.44,0.0,2.62,9.2,999.18,66.24,47,2,11.06,Helada (<0°C),False
2026-01-23,-19.21,-22.67,-11.8,42.19,0.0,3.02,8.1,1013.94,78.01,47,2,10.87,Helada (<0°C),False
2026-01-24,-16.43,-21.89,-11.5,53.65,0.3,2.52,4.8,1014.17,54.86,47,2,10.39,Helada (<0°C),False
2026-01-25,-9.86,-13.06,-6.9,73.65,1.1,3.06,8.4,998.93,36.62,48,2,6.16,Helada (<0°C),True
2026-01-26,-13.66,-16.5,-11.1,53.86,0.0,2.84,12.0,1000.06,88.29,47,2,5.4,Helada (<0°C),False
2026-01-27,-9.99,-13.06,-8.1,54.73,0.02,2.73,8.2,996.99,91.06,48,2,4.96,Helada (<0°C),False
2026-01-28,-11.36,-15.67,-6.9,55.02,0.0,2.38,5.1,1000.21,90.38,48,2,8.77,Helada (<0°C),False
2026-01-29,-11.0,-15.56,-7.9,52.56,0.0,2.71,5.7,1003.67,93.35,48,2,7.66,Helada (<0°C),False
2026-01-30,-9.92,-11.89,-6.2,60.46,0.45,2.42,5.4,1005.06,45.31,26,2,5.69,Helada (<0°C),False
2026-01-31,-4.09,-7.06,-2.2,68.33,0.12,3.25,10.5,1006.69,71.27,30,2,4.86,Helada (<0°C),False
2026-02-01,-4.5,-8.39,-1.4,58.5,0.0,2.45,5.7,1001.68,100.71,48,2,6.99,Helada (<0°C),False
2026-02-02,-3.16,-5.06,-1.3,71.46,0.05,2.34,5.2,997.32,24.48,48,2,3.76,Helada (<0°C),False
2026-02-03,-3.57,-6.39,-1.5,68.06,0.03,3.17,8.6,1001.47,78.73,48,2,4.89,Helada (<0°C),False
2026-02-04,-3.73,-5.78,-2.2,67.46,0.0,2.77,6.2,1005.76,27.62,48,2,3.58,Helada (<0°C),False
2026-02-05,-2.86,-6.06,0.3,66.01,0.05,2.47,6.6,993.7,34.4,44,2,6.36,Helada (<0°C),False
2026-02-06,0.25,-3.78,4.3,71.02,0.43,3.71,14.1,989.65,21.71,44,2,8.08,Frío (0-10°C),False
2026-02-07,-5.99,-10.06,-3.5,59.17,0.0,3.09,10.0,1006.31,109.25,48,2,6.56,Helada (<0°C),False
2026-02-08,-3.46,-5.56,-1.9,70.81,0.3,3.05,10.0,1004.68,116.33,42,2,3.66,Helada (<0°C),False
2026-02-09,-0.1,-4.78,4.5,62.24,0.0,2.82,7.5,996.61,79.12,43,2,9.28,Helada (<0°C),False
2026-02-10,4.77,1.67,7.3,63.71,0.0,2.75,10.0,990.44,100.48,48,2,5.63,Frío (0-10°C),False
2026-02-11,1.83,-2.06,6.0,56.68,0.0,2.35,6.3,1000.51,108.79,47,2,8.06,Frío (0-10°C),False
2026-02-12,0.43,-1.28,3.6,72.6,0.0,2.47,5.0,1002.96,82.79,48,2,4.88,Frío (0-10°C),False
2026-02-13,6.0,-1.0,12.1,57.12,0.02,2.53,8.6,998.63,113.49,47,2,13.1,Frío (0-10°C),False
2026-02-14,6.23,2.67,9.7,60.73,0.0,2.55,7.1,994.13,81.15,48,2,7.03,Frío (0-10°C),False
2026-02-15,7.52,3.0,14.4,64.21,0.0,2.37,5.6,991.26,117.15,48,2,11.4,Frío (0-10°C),False
2026-02-16,12.4,5.28,18.7,58.31,0.0,2.64,7.6,991.59,102.56,48,2,13.42,Templado (10-20°C),False
2026-02-17,9.51,4.17,12.5,65.15,0.0,2.58,7.4,991.94,17.74,17,2,8.33,Frío (0-10°C),False
2026-02-18,13.87,11.5,17.5,58.09,0.0,2.22,3.3,977.81,125.83,20,2,6.0,Templado (10-20°C),False
2026-02-19,5.57,3.06,11.0,61.83,0.82,3.3,0.0,979.39,85.65,23,1,7.94,Frío (0-10°C),False
2026-02-20,1.0,-2.06,8.28,71.42,0.0,3.3,0.0,978.52,38.25,24,1,10.34,Frío (0-10°C),False
2026-02-21,-2.46,-3.28,-1.5,66.65,0.0,3.3,0.0,995.81,33.96,23,1,1.78,Helada (<0°C),False
2026-02-22,-3.96,-6.67,-2.1,61.79,0.1,2.86,6.8,1002.24,68.38,48,2,4.57,Helada (<0°C),False
2026-02-23,-4.76,-6.39,-2.9,62.67,0.0,3.12,8.1,1006.74,90.31,46,2,3.49,Helada (<0°C),False
2026-02-24,-0.11,-5.0,5.4,52.71,0.0,2.38,7.3,986.62,75.56,48,2,10.4,Helada (<0°C),False
2026-02-25,0.66,-2.28,3.4,54.44,0.0,2.64,6.6,983.24,128.19,48,2,5.68,Frío (0-10°C),False
2026-02-26,2.04,-1.78,6.4,56.23,0.02,2.63,7.4,990.09,99.94,48,2,8.18,Frío (0-10°C),False
2026-02-27,10.16,2.17,18.0,51.33,0.02,2.38,7.7,988.19,119.73,48,2,15.83,Templado (10-20°C),False
2026-02-28,1.56,-1.78,10.4,61.65,0.0,4.04,11.6,998.44,81.4,48,2,12.18,Frío (0-10°C),False
2026-03-01,-2.05,-4.0,-0.1,56.08,0.0,4.32,9.1,1008.85,142.83,48,2,3.9,Helada (<0°C),False
2026-03-02,0.24,-2.06,4.5,59.42,0.0,2.86,7.5,1006.43,153.76,45,2,6.56,Frío (0-10°C),False
2026-03-03,1.59,0.5,3.3,76.31,0.33,2.64,5.2,999.29,52.9,48,2,2.8,Frío (0-10°C),False
2026-03-04,2.09,-0.17,3.7,87.85,1.99,2.1,2.7,998.49,39.1,41,2,3.87,Frío (0-10°C),True
2026-03-05,3.43,2.28,5.9,91.31,0.0,2.18,4.4,993.99,39.56,48,2,3.62,Frío (0-10°C),False
2026-03-06,10.7,2.28,18.3,89.56,16.64,2.64,7.4,991.86,33.33,48,2,16.02,Templado (10-20°C),True
2026-03-07,12.22,4.5,18.1,76.45,3.14,2.48,8.0,987.12,70.01,39,2,13.6,Templado (10-20°C),True
2026-03-08,10.14,1.28,16.9,54.63,0.0,2.9,9.1,988.67,158.49,45,2,15.62,Templado (10-20°C),False
2026-03-09,15.73,9.67,22.56,56.58,0.02,2.75,9.1,985.16,140.02,48,2,12.89,Templado (10-20°C),False
2026-03-10,7.49,2.67,18.0,88.37,23.68,3.2,7.2,987.43,35.17,47,2,15.33,Frío (0-10°C),True
2026-03-11,3.3,1.28,7.0,80.04,9.56,2.99,7.1,988.34,25.46,48,2,5.72,Frío (0-10°C),True
2026-03-12,3.93,-0.28,8.1,56.29,0.0,2.64,6.7,997.41,169.6,48,2,8.38,Frío (0-10°C),False
2026-03-13,6.37,1.56,9.2,48.3,3.3,2.99,14.7,983.28,122.72,47,2,7.64,Frío (0-10°C),True
2026-03-14,1.39,0.17,3.0,66.13,0.1,3.7,9.9,998.21,58.33,46,2,2.83,Frío (0-10°C),False
2026-03-15,6.76,0.78,17.7,74.77,42.14,3.42,11.7,976.51,35.42,47,2,16.92,Frío (0-10°C),True
2026-03-16,-2.48,-6.0,0.9,69.12,0.81,3.19,12.4,979.77,71.51,43,2,6.9,Helada (<0°C),False
2026-03-17,-5.87,-9.5,-3.1,45.9,0.0,2.67,7.4,997.51,181.73,48,2,6.4,Helada (<0°C),False
2026-03-18,0.88,-4.5,8.28,67.66,0.2,2.24,6.1,995.31,135.15,47,2,12.78,Frío (0-10°C),False
2026-03-19,4.61,2.39,8.1,70.96,0.0,2.3,5.0,996.05,174.33,48,2,5.71,Frío (0-10°C),False
2026-03-20,10.43,3.39,20.0,66.21,0.0,2.59,8.7,989.07,145.65,48,2,16.61,Templado (10-20°C),False
2026-03-21,11.28,3.78,24.2,63.12,0.0,2.36,6.7,989.13,146.57,42,2,20.42,Templado (10-20°C),False
2026-03-22,7.27,1.0,23.1,71.46,0.64,4.9,15.2,987.76,62.44,48,2,22.1,Frío (0-10°C),False
2026-03-23,0.94,-0.17,1.9,60.73,0.0,4.22,13.1,1005.9,203.65,48,2,2.07,Frío (0-10°C),False
2026-03-24,4.18,0.56,10.1,50.21,0.0,2.78,6.9,1004.94,129.75,48,2,9.54,Frío (0-10°C),False
2026-03-25,17.56,8.78,22.4,34.6,0.0,2.43,6.0,990.55,228.05,31,2,13.62,Templado (10-20°C),False
2026-03-26,10.85,1.39,19.6,72.15,7.2,3.64,13.3,988.1,81.77,48,2,18.21,Templado (10-20°C),True
2026-03-27,1.07,-0.06,2.2,68.98,0.06,4.35,12.9,1006.34,201.45,47,2,2.26,Frío (0-10°C),False
2026-03-28,3.63,-1.06,9.6,47.25,0.0,2.85,8.0,1011.21,217.16,47,2,10.66,Frío (0-10°C),False
2026-03-29,12.42,6.56,17.8,37.38,0.0,2.49,8.5,999.42,163.56,48,2,11.24,Templado (10-20°C),False
2026-03-30,19.96,12.67,27.0,46.88,0.16,2.71,8.4,989.72,194.79,48,2,14.33,Templado (10-20°C),False
2026-03-31,15.13,4.39,21.4,72.5,6.82,2.99,8.3,988.41,40.62,48,2,17.01,Templado (10-20°C),True
2026-04-01,3.61,2.17,5.2,80.73,0.0,5.08,10.8,999.66,65.2,46,2,3.03,Frío (0-10°C),False
2026-04-02,10.91,3.28,21.5,83.73,26.55,3.42,9.1,987.94,50.45,47,2,18.22,Templado (10-20°C),True
2026-04-03,8.82,3.56,17.4,79.87,3.16,2.99,8.0,994.25,136.14,43,2,13.84,Frío (0-10°C),True
2026-04-04,8.36,4.06,15.2,78.31,15.28,2.75,9.0,990.15,54.54,48,2,11.14,Frío (0-10°C),True
2026-04-05,7.8,3.39,12.3,48.44,0.12,2.66,7.4,997.05,231.94,48,2,8.91,Frío (0-10°C),False
2026-04-06,7.36,1.28,11.3,63.46,3.0,3.11,8.9,1000.76,172.48,48,2,10.02,Frío (0-10°C),True
2026-04-07,0.45,-1.0,2.9,61.67,0.0,3.72,8.7,1009.44,256.93,46,2,3.9,Frío (0-10°C),False
2026-04-08,12.19,3.0,22.1,45.88,1.03,2.87,7.8,999.74,211.73,48,2,19.1,Templado (10-20°C),True
2026-04-09,15.5,6.39,20.8,51.58,0.62,2.47,7.8,997.32,180.77,48,2,14.41,Templado (10-20°C),False
2026-04-10,6.55,4.78,8.1,82.56,7.94,2.79,7.3,1001.9,79.88,48,2,3.32,Frío (0-10°C),True
2026-04-11,6.93,4.39,14.3,69.23,0.0,2.62,6.2,1005.92,186.06,48,2,9.91,Frío (0-10°C),False
2026-04-12,20.01,10.5,27.5,57.5,2.74,2.7,7.2,992.18,159.37,47,2,17.0,Cálido (20-28°C),True
2026-04-13,21.49,17.06,26.3,70.56,1.71,2.55,8.7,989.17,149.65,48,2,9.24,Cálido (20-28°C),True
2026-04-14,21.86,12.17,28.1,67.92,20.1,2.4,4.9,986.67,186.1,48,2,15.93,Cálido (20-28°C),True
2026-04-15,19.47,11.56,23.5,76.81,34.11,2.48,7.7,986.64,80.5,48,2,11.94,Templado (10-20°C),True
2026-04-16,14.82,7.56,22.0,84.19,13.12,2.41,7.0,988.08,124.88,48,2,14.44,Templado (10-20°C),True
2026-04-17,16.77,7.06,27.2,75.33,21.01,2.68,6.3,988.47,191.23,48,2,20.14,Templado (10-20°C),True
2026-04-18,11.01,6.78,18.1,59.93,5.85,2.64,7.1,988.48,228.76,47,2,11.32,Templado (10-20°C),True
2026-04-19,6.89,4.17,10.6,51.65,0.44,2.77,8.9,998.31,203.5,48,2,6.43,Frío (0-10°C),False
2026-04-20,7.14,4.28,13.0,56.67,0.02,3.21,7.1,1003.42,268.47,47,2,8.72,Frío (0-10°C),False
2026-04-21,17.08,10.89,24.0,49.94,1.92,2.44,9.0,992.15,194.1,48,2,13.11,Templado (10-20°C),True
2026-04-22,12.5,8.39,21.7,73.5,0.0,2.67,6.6,992.22,213.17,48,2,13.31,Templado (10-20°C),False
2026-04-23,19.72,9.0,27.4,59.84,0.0,2.49,6.3,988.93,205.08,47,2,18.4,Templado (10-20°C),False
2026-04-24,21.17,18.06,23.0,61.5,0.0,2.36,4.8,982.68,63.94,18,2,4.94,Cálido (20-28°C),False
2026-04-25,6.22,5.06,8.2,87.64,0.0,3.89,7.5,994.74,184.96,28,2,3.14,Frío (0-10°C),False
2026-04-26,8.56,6.17,11.2,85.12,0.0,2.79,5.6,995.98,180.42,48,2,5.03,Frío (0-10°C),False
2026-04-27,13.79,7.67,20.0,82.67,32.06,2.9,7.7,986.91,54.21,48,2,12.33,Templado (10-20°C),True
2026-04-28,14.22,10.0,18.3,67.03,2.04,2.5,6.7,989.17,194.01,47,2,8.3,Templado (10-20°C),True
2026-04-29,9.23,6.06,15.2,75.89,0.02,3.32,8.4,992.26,94.09,46,2,9.14,Frío (0-10°C),False
2026-04-30,6.85,5.28,10.2,72.68,1.83,2.93,6.4,994.32,160.23,47,2,4.92,Frío (0-10°C),True
2026-05-01,5.93,4.67,7.4,71.15,0.51,3.22,7.1,995.02,142.78,48,2,2.73,Frío (0-10°C),False
2026-05-02,7.63,2.78,12.8,55.02,0.0,2.78,6.2,996.56,252.75,48,2,10.02,Frío (0-10°C),False
2026-05-03,14.05,8.89,20.1,44.4,0.08,2.53,8.5,989.04,163.1,48,2,11.21,Templado (10-20°C),False
2026-05-04,19.08,11.17,26.7,49.38,6.04,2.59,7.6,980.06,237.65,48,2,15.53,Templado (10-20°C),True
2026-05-05,12.54,8.5,18.4,47.59,4.4,2.68,6.5,985.87,140.57,46,2,9.9,Templado (10-20°C),True
2026-05-06,10.99,8.17,15.4,41.9,0.02,2.96,8.8,991.35,179.9,48,2,7.23,Templado (10-20°C),False
2026-05-07,9.72,4.67,15.3,52.94,1.85,2.46,8.5,991.28,177.15,48,2,10.63,Frío (0-10°C),True
2026-05-08,10.66,6.67,14.78,74.6,0.0,2.58,4.9,988.45,201.58,37,2,8.11,Templado (10-20°C),False
2026-05-09,15.82,11.0,23.39,55.33,0.0,3.3,0.0,982.62,230.29,24,1,12.39,Templado (10-20°C),False
2026-05-10,11.72,9.5,14.9,51.54,0.0,2.78,6.4,996.24,257.38,47,2,5.4,Templado (10-20°C),False
2026-05-11,9.1,6.89,14.7,63.88,0.02,3.71,8.5,1001.19,288.83,48,2,7.81,Frío (0-10°C),False
2026-05-12,16.18,7.89,22.5,48.3,2.66,2.35,6.9,993.23,103.02,44,2,14.61,Templado (10-20°C),True
2026-05-13,10.7,8.0,19.3,64.57,0.0,2.86,8.4,993.36,258.35,45,2,11.3,Templado (10-20°C),False
2026-05-14,12.09,7.5,14.7,52.42,0.0,2.8,5.3,996.7,294.67,48,2,7.2,Templado (10-20°C),False
2026-05-15,18.28,12.56,23.67,48.77,0.02,2.39,5.7,991.09,213.21,47,2,11.11,Templado (10-20°C),False
2026-05-16,23.34,16.89,28.5,56.88,2.16,2.38,5.9,988.62,238.4,48,2,11.61,Cálido (20-28°C),True
2026-05-17,21.63,11.78,30.0,66.06,0.0,2.4,5.1,989.92,179.08,47,2,18.22,Cálido (20-28°C),False
2026-05-18,23.95,18.5,27.4,64.02,5.72,2.5,6.4,989.35,119.4,48,2,8.9,Cálido (20-28°C),True
2026-05-19,22.17,17.5,26.8,65.84,0.09,2.61,7.2,991.97,138.53,47,2,9.3,Cálido (20-28°C),False
2026-05-20,12.42,10.0,18.2,64.9,0.02,3.92,8.4,1001.9,254.77,48,2,8.2,Templado (10-20°C),False
2026-05-21,10.42,8.89,12.2,71.81,0.0,3.81,8.9,1003.25,194.29,48,2,3.31,Templado (10-20°C),False
2026-05-22,12.43,10.0,17.0,72.52,0.0,3.25,7.8,997.48,200.86,47,2,7.0,Templado (10-20°C),False
2026-05-23,12.35,11.28,14.5,86.58,0.02,2.73,4.8,994.16,151.19,48,2,3.22,Templado (10-20°C),False
2026-05-24,15.82,12.39,19.4,83.1,16.52,2.72,5.8,995.08,176.88,48,2,7.01,Templado (10-20°C),True
2026-05-25,21.58,15.78,26.5,53.6,0.02,2.41,5.1,997.51,284.4,48,2,10.72,Cálido (20-28°C),False
2026-05-26,22.14,19.06,24.7,45.29,0.0,2.38,4.2,995.41,258.71,42,2,5.64,Cálido (20-28°C),False
2026-05-27,17.63,14.39,23.8,66.83,0.0,2.22,5.6,994.59,273.0,48,2,9.41,Templado (10-20°C),False
2026-05-28,13.67,12.0,17.1,72.92,0.0,2.98,6.2,999.69,294.96,48,2,5.1,Templado (10-20°C),False
2026-05-29,16.11,11.78,23.5,73.71,0.0,2.47,3.9,995.84,280.88,48,2,11.72,Templado (10-20°C),False
2026-05-30,15.69,13.89,17.7,80.0,0.0,1.98,2.0,994.24,7.71,14,2,3.81,Templado (10-20°C),False
2026-05-31,14.98,13.56,16.3,72.64,0.02,2.59,3.3,994.78,65.93,14,2,2.74,Templado (10-20°C),False
2026-06-01,14.93,12.39,16.28,65.58,4.98,2.4,3.4,997.2,178.4,46,2,3.89,Templado (10-20°C),True
2026-06-02,15.48,13.78,17.8,68.71,0.0,2.63,4.8,1004.43,300.04,48,2,4.02,Templado (10-20°C),False
2026-06-03,18.09,14.28,21.7,59.1,0.06,2.36,5.9,1004.04,294.44,48,2,7.42,Templado (10-20°C),False
2026-06-04,25.47,17.0,30.1,40.33,0.02,2.3,6.7,997.07,295.35,46,2,13.1,Cálido (20-28°C),False
2026-06-05,24.74,22.17,27.1,62.35,2.47,2.2,6.9,990.46,129.54,47,2,4.93,Cálido (20-28°C),True
2026-06-06,21.87,17.89,28.0,77.45,11.74,2.2,5.4,989.88,255.96,47,2,10.11,Cálido (20-28°C),True
2026-06-07,19.19,16.89,21.5,75.69,0.1,2.16,2.6,993.23,211.85,48,2,4.61,Templado (10-20°C),False
2026-06-08,21.23,17.39,26.0,80.04,5.4,3.08,6.8,993.41,137.12,48,2,8.61,Cálido (20-28°C),True
2026-06-09,24.42,19.17,31.5,80.76,2.8,2.4,6.0,990.96,183.43,47,2,12.33,Cálido (20-28°C),True
2026-06-10,24.74,18.0,32.8,76.73,12.96,2.29,7.9,986.76,184.49,47,2,14.8,Cálido (20-28°C),True
2026-06-11,22.7,19.28,29.0,77.59,28.3,2.67,8.4,985.02,161.89,46,2,9.72,Cálido (20-28°C),True
2026-06-12,23.0,17.28,27.9,55.9,0.0,2.38,9.3,990.7,282.42,48,2,10.62,Cálido (20-28°C),False
2026-06-13,24.25,19.89,28.9,56.97,0.3,2.48,6.5,991.54,280.71,34,2,9.01,Cálido (20-28°C),False
2026-06-14,19.12,15.5,22.7,70.95,11.57,2.49,5.4,989.81,101.77,46,2,7.2,Templado (10-20°C),True
2026-06-15,20.12,13.89,24.8,45.79,0.0,2.34,6.4,991.86,292.08,48,2,10.91,Cálido (20-28°C),False
2026-06-16,21.0,17.56,25.1,49.31,0.0,2.35,6.4,983.38,208.88,47,2,7.54,Cálido (20-28°C),False
2026-06-17,18.06,14.17,21.9,71.92,30.93,2.26,12.5,978.36,39.88,48,2,7.73,Templado (10-20°C),True
2026-06-18,19.22,17.28,21.9,65.35,0.02,2.49,7.3,983.1,183.76,47,2,4.62,Templado (10-20°C),False
2026-06-19,19.8,15.89,23.7,57.92,0.0,2.5,7.8,992.17,291.17,48,2,7.81,Templado (10-20°C),False
2026-06-20,20.19,17.17,24.0,59.06,0.02,2.69,5.9,992.27,196.14,48,2,6.83,Cálido (20-28°C),False
2026-06-21,17.63,15.0,22.0,79.46,26.64,2.7,8.9,991.33,52.75,45,2,7.0,Templado (10-20°C),True
2026-06-22,16.35,14.78,17.4,80.48,1.88,3.62,8.8,994.33,289.22,46,2,2.62,Templado (10-20°C),True
2026-06-23,16.91,15.06,20.0,68.94,0.02,2.53,6.6,1000.41,292.06,48,2,4.94,Templado (10-20°C),False
2026-06-24,17.82,15.56,20.7,75.31,8.96,2.49,5.8,995.68,79.21,48,2,5.14,Templado (10-20°C),True
2026-06-25,19.75,16.78,25.7,77.4,0.02,2.5,6.8,992.33,238.83,48,2,8.92,Templado (10-20°C),False
2026-06-26,16.82,15.78,18.1,85.23,0.82,2.78,5.1,996.48,78.98,48,2,2.32,Templado (10-20°C),False
2026-06-27,18.31,16.06,20.5,84.19,0.0,2.32,3.0,994.03,224.19,48,2,4.44,Templado (10-20°C),False
2026-06-28,20.56,17.56,25.7,82.44,0.0,2.47,7.7,991.98,207.71,48,2,8.14,Cálido (20-28°C),False
2026-06-29,29.12,20.56,34.6,69.96,0.0,2.53,5.6,991.68,253.5,48,2,14.04,Caluroso (≥28°C),False
2026-06-30,30.61,26.0,35.6,66.88,0.02,2.3,6.1,991.48,258.12,48,2,9.6,Caluroso (≥28°C),False
2026-07-01,31.27,27.78,34.8,58.65,0.02,2.31,7.7,992.92,282.19,48,2,7.02,Caluroso (≥28°C),False
2026-07-02,27.84,21.39,34.3,67.64,6.36,2.67,7.4,995.28,235.66,47,2,12.91,Cálido (20-28°C),True
2026-07-03,23.88,19.5,31.0,80.98,58.64,2.22,4.8,995.15,147.34,44,2,11.5,Cálido (20-28°C),True
2026-07-04,22.41,19.06,27.2,85.52,29.79,2.41,8.0,993.55,171.12,48,2,8.14,Cálido (20-28°C),True
2026-07-05,20.07,18.89,21.4,89.56,2.56,2.77,6.6,993.39,102.96,48,2,2.51,Cálido (20-28°C),True
2026-07-06,21.05,19.67,22.4,80.51,0.0,2.78,5.4,996.01,281.19,47,2,2.73,Cálido (20-28°C),False
2026-07-07,22.27,19.5,25.4,74.38,0.05,2.27,3.9,997.29,290.18,47,2,5.9,Cálido (20-28°C),False
2026-07-08,26.87,22.06,30.78,54.58,0.04,2.41,6.0,994.61,272.58,48,2,8.72,Cálido (20-28°C),False
2026-07-09,26.61,22.39,30.8,67.88,4.16,2.21,6.4,990.31,162.54,48,2,8.41,Cálido (20-28°C),True
2026-07-10,22.29,21.06,23.5,83.98,0.02,2.88,5.0,992.14,229.12,47,2,2.44,Cálido (20-28°C),False
2026-07-11,22.9,21.28,24.0,82.21,0.02,2.82,5.6,996.15,238.02,48,2,2.72,Cálido (20-28°C),False
2026-07-12,24.25,22.39,26.0,78.35,0.05,2.12,2.9,1000.51,270.33,48,2,3.61,Cálido (20-28°C),False
2026-07-13,26.83,22.39,29.7,56.46,0.02,2.33,4.8,1000.49,256.31,48,2,7.31,Cálido (20-28°C),False
2026-07-14,28.56,25.17,32.1,65.46,0.0,2.48,5.9,999.42,264.4,48,2,6.93,Caluroso (≥28°C),False
2026-07-15,28.62,25.56,32.4,71.73,0.0,2.28,4.3,996.91,261.19,48,2,6.84,Caluroso (≥28°C),False
2026-07-16,26.09,24.56,27.3,77.81,0.0,2.44,3.3,996.55,203.77,48,2,2.74,Cálido (20-28°C),False
2026-07-17,27.62,24.78,30.6,73.4,2.91,2.44,4.5,994.65,175.48,48,2,5.82,Cálido (20-28°C),True
2026-07-18,27.18,22.5,31.7,70.78,4.61,2.73,7.0,990.8,152.33,46,2,9.2,Cálido (20-28°C),True
2026-07-19,22.31,21.28,23.5,71.15,0.16,3.3,7.4,995.08,247.62,48,2,2.22,Cálido (20-28°C),False
2026-07-20,24.78,20.5,28.3,66.15,0.22,2.28,5.9,989.95,147.62,48,2,7.8,Cálido (20-28°C),False
2026-07-21,26.03,20.39,30.1,65.62,0.79,3.13,10.0,985.47,223.12,48,2,9.71,Cálido (20-28°C),False
2026-07-22,20.01,18.17,21.3,56.34,0.02,3.47,7.9,997.03,213.25,33,2,3.13,Cálido (20-28°C),False
2026-07-23,21.31,16.56,23.7,48.37,0.0,2.73,6.2,1000.38,268.32,43,2,7.14,Cálido (20-28°C),False
2026-07-24,23.0,20.17,24.6,50.69,0.04,2.62,6.7,998.51,239.77,48,2,4.43,Cálido (20-28°C),False
2026-07-25,23.52,19.39,27.2,63.92,0.0,2.2,4.1,994.06,203.02,48,2,7.81,Cálido (20-28°C),False
2026-07-26,26.32,22.28,30.4,76.06,0.03,2.68,6.3,990.88,194.06,48,2,8.12,Cálido (20-28°C),False
2026-07-27,25.4,20.78,29.7,85.83,49.28,2.43,7.0,986.73,60.92,48,2,8.92,Cálido (20-28°C),True
2026-07-28,21.29,19.06,25.7,82.2,0.02,3.35,8.9,988.62,186.18,47,2,6.64,Cálido (20-28°C),False
2026-07-29,21.24,18.56,22.8,78.48,0.0,2.62,5.2,994.12,250.56,45,2,4.24,Cálido (20-28°C),False
2026-07-30,23.38,19.06,26.7,67.11,0.0,2.43,5.3,996.35,272.5,46,2,7.64,Cálido (20-28°C),False
2026-07-31,24.11,20.78,27.5,65.94,3.44,2.38,5.0,992.44,90.17,48,2,6.72,Cálido (20-28°C),True
2026-08-01,21.37,18.67,23.3,87.73,61.01,4.07,10.0,986.88,46.23,48,2,4.63,Cálido (20-28°C),True
2026-08-02,20.98,20.06,21.8,86.62,0.02,3.57,8.4,989.62,123.35,48,2,1.74,Cálido (20-28°C),False
2026-08-03,21.79,18.78,24.0,81.82,0.0,2.39,3.3,993.62,269.82,47,2,5.22,Cálido (20-28°C),False
2026-08-04,25.79,21.06,29.6,62.77,0.0,2.22,6.5,995.03,248.0,44,2,8.54,Cálido (20-28°C),False
2026-08-05,25.81,23.0,28.8,67.69,0.46,2.21,4.3,995.08,84.35,48,2,5.8,Cálido (20-28°C),False
2026-08-06,22.88,20.89,25.78,83.65,0.24,2.41,4.6,997.23,118.29,48,2,4.89,Cálido (20-28°C),False
2026-08-07,25.72,22.06,30.6,73.88,0.0,2.58,7.0,995.54,288.85,39,2,8.54,Cálido (20-28°C),False
2026-08-08,24.59,22.17,27.4,69.34,0.0,2.38,4.0,994.5,243.52,44,2,5.23,Cálido (20-28°C),False
2026-08-09,23.65,20.39,29.5,77.03,17.43,2.44,6.7,993.52,109.35,39,2,9.11,Cálido (20-28°C),True
2026-08-10,24.3,22.28,26.1,83.7,4.14,2.26,4.7,991.93,157.73,45,2,3.82,Cálido (20-28°C),True
2026-08-11,24.1,20.78,27.1,82.69,10.23,2.42,5.8,991.46,95.79,48,2,6.32,Cálido (20-28°C),True
2026-08-12,24.09,21.78,29.7,79.96,0.62,2.16,4.9,988.85,121.52,46,2,7.92,Cálido (20-28°C),False
2026-08-13,22.72,20.5,25.3,87.4,5.54,2.58,5.6,992.67,60.02,48,2,4.8,Cálido (20-28°C),True
2026-08-14,23.17,22.06,25.06,87.97,0.02,2.41,4.6,997.03,133.94,47,2,3.0,Cálido (20-28°C),False
2026-08-15,23.79,22.56,25.7,89.19,0.52,2.31,3.7,996.43,63.83,48,2,3.14,Cálido (20-28°C),False
2026-08-16,26.17,22.56,30.5,78.75,2.14,2.31,5.7,992.59,130.38,48,2,7.94,Cálido (20-28°C),True
2026-08-17,22.69,20.0,24.3,69.75,0.02,2.52,5.5,994.66,186.88,48,2,4.3,Cálido (20-28°C),False
2026-08-18,24.03,19.78,28.4,64.65,6.68,2.24,8.9,993.51,142.23,48,2,8.62,Cálido (20-28°C),True
2026-08-19,21.77,19.56,23.67,78.69,0.0,2.16,4.5,992.0,99.06,30,2,4.11,Cálido (20-28°C),False
2026-08-20,22.57,21.56,23.78,62.17,0.0,3.3,0.0,994.49,261.92,24,1,2.22,Cálido (20-28°C),False
2026-08-21,22.98,18.56,26.28,62.12,0.0,3.3,0.0,993.83,162.21,24,1,7.72,Cálido (20-28°C),False
2026-08-22,23.12,19.56,26.89,62.38,0.0,3.3,0.0,990.91,250.67,21,1,7.33,Cálido (20-28°C),False
2026-08-23,21.91,18.39,24.7,54.57,0.0,2.69,6.4,994.9,262.55,35,2,6.31,Cálido (20-28°C),False
2026-08-24,20.25,15.56,22.6,65.52,0.0,2.55,4.5,996.23,245.67,48,2,7.04,Cálido (20-28°C),False
2026-08-25,21.19,18.0,23.39,63.44,0.0,1.99,2.2,997.58,121.85,32,2,5.39,Cálido (20-28°C),False
2026-08-26,24.67,21.5,28.78,57.21,0.0,3.3,0.0,990.54,201.67,24,1,7.28,Cálido (20-28°C),False
2026-08-27,22.48,19.89,24.28,67.58,0.0,3.3,0.0,993.16,245.67,24,1,4.39,Cálido (20-28°C),False
2026-08-28,23.16,20.89,25.67,65.67,0.03,3.3,0.0,997.13,176.46,24,1,4.78,Cálido (20-28°C),False
2026-08-29,24.04,20.78,27.06,56.38,0.23,3.3,0.0,996.58,127.12,24,1,6.28,Cálido (20-28°C),False
2026-08-30,24.64,20.67,27.9,67.84,8.72,2.16,6.4,993.93,65.98,47,2,7.23,Cálido (20-28°C),True
2026-08-31,26.54,21.06,32.7,67.83,25.72,2.21,5.5,992.51,99.88,48,2,11.64,Cálido (20-28°C),True
2026-09-01,28.57,25.56,35.06,67.44,0.02,2.59,6.8,992.32,105.52,32,2,9.5,Caluroso (≥28°C),False
2026-09-02,30.31,25.67,35.78,57.62,0.0,3.3,0.0,991.24,179.92,24,1,10.11,Caluroso (≥28°C),False
2026-09-03,27.52,23.56,31.0,67.56,0.0,3.3,0.0,991.34,198.38,16,1,7.44,Cálido (20-28°C),False
2026-09-04,28.21,22.78,33.89,66.36,0.0,3.3,0.0,991.11,314.93,14,1,11.11,Caluroso (≥28°C),False
2026-09-05,22.7,22.06,24.67,86.57,0.0,3.3,0.0,991.95,195.65,23,1,2.61,Cálido (20-28°C),False
2026-09-06,22.53,21.39,23.5,75.14,0.0,3.15,6.0,997.33,215.23,47,2,2.11,Cálido (20-28°C),False
2026-09-07,22.7,20.67,23.7,70.58,0.0,3.05,7.9,999.49,214.76,47,2,3.03,Cálido (20-28°C),False
2026-09-08,24.06,20.28,28.8,63.12,0.05,2.55,5.7,997.82,173.94,47,2,8.52,Cálido (20-28°C),False
2026-09-09,24.89,21.89,27.3,72.81,3.28,2.1,6.0,994.43,67.42,48,2,5.41,Cálido (20-28°C),True
2026-09-10,21.97,20.5,23.6,74.93,0.0,2.34,5.6,994.95,113.94,47,2,3.1,Cálido (20-28°C),False
2026-09-11,21.98,18.89,24.39,69.75,0.0,2.65,5.8,993.93,239.85,43,2,5.5,Cálido (20-28°C),False
2026-09-12,25.49,20.5,31.3,64.84,0.0,2.32,4.3,990.01,200.68,45,2,10.8,Cálido (20-28°C),False
2026-09-13,19.32,15.89,24.2,64.27,0.58,2.8,8.6,996.55,141.37,47,2,8.31,Templado (10-20°C),False
2026-09-14,17.41,13.89,20.39,64.31,0.0,2.14,3.4,1001.09,80.9,31,2,6.5,Templado (10-20°C),False
2026-09-15,21.56,20.56,24.39,68.67,0.44,3.3,0.0,994.97,142.25,24,1,3.83,Cálido (20-28°C),False
2026-09-16,19.38,18.39,20.78,85.61,0.33,3.3,0.0,1002.17,74.68,23,1,2.39,Templado (10-20°C),False
2026-09-17,19.28,18.78,19.89,90.31,18.37,3.3,0.0,1000.32,90.06,16,1,1.11,Templado (10-20°C),True
2026-09-18,19.88,19.28,20.89,75.83,0.05,3.3,0.0,1000.47,118.91,23,1,1.61,Templado (10-20°C),False
2026-09-19,19.2,17.56,21.28,84.9,25.33,3.3,0.0,992.9,56.1,21,1,3.72,Templado (10-20°C),True
2026-09-20,18.73,17.06,20.2,90.64,28.43,4.06,10.9,993.64,23.29,45,2,3.14,Templado (10-20°C),True
2026-09-21,17.17,16.17,18.9,76.9,0.08,4.85,11.4,998.77,82.98,48,2,2.73,Templado (10-20°C),False
2026-09-22,15.75,14.0,18.1,71.33,0.0,4.45,9.3,1003.3,108.12,48,2,4.1,Templado (10-20°C),False
2026-09-23,16.84,15.06,18.8,75.97,0.0,3.92,9.6,1005.73,105.35,47,2,3.74,Templado (10-20°C),False
2026-09-24,17.27,15.78,18.5,72.75,0.0,3.17,7.8,1005.18,140.38,46,2,2.72,Templado (10-20°C),False
2026-09-25,16.55,15.39,18.0,73.69,0.02,2.66,5.0,1004.08,64.06,48,2,2.61,Templado (10-20°C),False
2026-09-26,16.37,14.78,17.9,69.74,0.0,2.84,6.0,1000.94,171.43,46,2,3.12,Templado (10-20°C),False
2026-09-27,17.41,14.5,19.28,76.73,0.0,2.36,3.7,997.91,178.69,48,2,4.78,Templado (10-20°C),False
2026-09-28,16.98,12.56,19.17,81.96,0.0,2.35,4.1,996.99,163.08,47,2,6.61,Templado (10-20°C),False
2026-09-29,19.65,14.5,23.2,70.27,0.0,2.6,5.2,993.87,189.3,33,2,8.7,Templado (10-20°C),False
2026-09-30,19.48,16.06,23.2,68.1,15.84,2.28,5.0,991.57,17.93,30,2,7.14,Templado (10-20°C),True
